<?xml version="1.0" encoding="UTF-8"?>
<beans xmlns="http://www.springframework.org/schema/beans"
	xmlns:xsi="http://www.w3.org/2001/XMLSchema-instance"
	xsi:schemaLocation="http://www.springframework.org/schema/beans http://www.springframework.org/schema/beans/spring-beans.xsd">

	<!-- Root Context: defines shared resources visible to all other web components -->

	<!-- Initialization for data source -->
	<bean id="dataSource"
		class="org.springframework.jdbc.datasource.DriverManagerDataSource">
		<property name="driverClassName" value="oracle.jdbc.driver.OracleDriver" />
		<property name="url" value="jdbc:oracle:thin:@localhost:1521:xe" />
		<property name="username" value="hybrisuser" />
		<property name="password" value="hybris" />
	</bean>

	<bean id="employeeServiceImplUsingJDBCDaoSupport" class="com.appdomain.service.impl.EmployeeServiceImplUsingJDBCDaoSupport">
		<property name="dataSource" ref="dataSource" />
	</bean>
	
	<bean id="getAllEmployeesService" class="com.appdomain.service.impl.GetAllEmployeesServiceImpl">
		<property name="dataSource" ref="dataSource" />
	</bean> 
	
</beans>
